{"cameraMode":{"drawMode":0,"name":"Shaded","section":"Shading Mode"},"sceneLighting":false,"audioPlay":false,"sceneViewState":{"showFog":true,"showMaterialUpdate":false,"showSkybox":false,"showFlares":true,"showImageEffects":true,"showParticleSystems":true},"in2DMode":false,"pivot":{"x":0.11728763580322266,"y":1.1963427066802979,"z":2.4861655235290529},"rotation":{"x":0.1548260897397995,"y":-0.8401915431022644,"z":0.3142365515232086,"w":0.41396841406822207},"size":0.24494916200637818,"orthographic":false}